{
  "data": {
    "address": "De Grote Hegge, Waterstraat, Thorn, Maasgouw, Limburg, Netherlands, 6017AJ, The Netherlands",
    "lng": 5.86358,
    "accuracy": 20,
    "fixTime": 8,
    "source": "gps",
    "insertTime": "2021-06-26T13:40:46+0000",
    "thirdPartyId": "Q-AFL-035",
    "sigfoxDeviceId": "E1FF81",
    "serial": "UE7WVR",
    "name": 436,
    "state": "STOP",
    "id": 422529179,
    "time": "2021-06-25T13:09:00+0000",
    "lat": 51.15617,
    "seqNbr": 5
  },
  "dataType": "activity"
}